start_date_local,name,type,moving_time,distance,elapsed_time,total_elevation_gain,max_speed,average_speed,max_heartrate,average_heartrate,average_cadence,calories,icu_average_watts,icu_normalized_watts,icu_joules,icu_training_load,pace,icu_fatigue,icu_fitness,icu_eftp,hr_z1_secs,hr_z2_secs,hr_z3_secs,hr_z4_secs,hr_z5_secs,hr_z6_secs,hr_z7_secs,z1_secs,z2_secs,z3_secs,z4_secs,z5_secs,z6_secs,z7_secs,sweet_spot_secs,icu_weight
2022-10-24T17:16:54,Afternoon Ride,Ride,754,4035.1,917,14,9.391,5.352,131,99,,95,,,,4,5.3515916,46.528683,60.79675,245,701,0,0,0,0,0,0,,,,,,,,,66
2022-10-24T09:12:00,Morning Ride,Ride,776,3950.6,952,34,7.415,5.091,147,109,,118,,,,6,5.0909796,46.528683,60.79675,245,630,126,0,0,0,0,0,,,,,,,,,66
2022-10-23T19:24:51,Evening Ride,VirtualRide,3003,26195.1,3003,104,13.092,8.723,144,130,83.16878,429,150,155,449672,33,8.722977,52.13821,62.02071,245,1256,1747,0,0,0,0,0,781,2201,21,0,0,0,0,0,66
2022-10-22T20:28:21,Zwift - New Workout in Watopia,VirtualRide,3925,34798.5,4119,171,14.31,8.866,155,138,84.184105,578,154,162,604615,48,8.86586,55.077168,62.71997,245,948,2355,612,9,0,0,0,933,2451,536,4,0,0,0,23,66
2022-10-20T17:47:39,Afternoon Ride,Ride,691,4078.2,726,10,9.7,5.902,101,84,,52,,,,2,5.901881,64.788795,64.59445,246,669,0,0,0,0,0,0,,,,,,,,,66
2022-10-20T15:03:55,Afternoon Ride,Ride,911,4057.2,941,38,9.888,4.454,122,98,,99,,,,4,4.4535675,64.788795,64.59445,246,890,0,0,0,0,0,0,,,,,,,,,66
2022-10-19T15:38:41,Afternoon Ride,Ride,4769,38475.3,4819,452,20.178,8.068,176,141,87.188896,895,165,195,785255,84,8.067792,73.816696,66.0063,246,1344,1447,1032,794,35,88,29,1394,1367,1152,507,203,114,32,797,66
2022-10-19T10:55:06,Morning Ride,Ride,711,4025.4,752,13,9.308,5.662,121,95,,78,,,,3,5.6616035,73.816696,66.0063,246,681,0,0,0,0,0,0,,,,,,,,,66
2022-10-19T09:08:47,Morning Ride,Ride,862,4087.9,939,41,10.762,4.742,131,97,,92,,,,4,4.7423434,73.816696,66.0063,246,835,0,0,0,0,0,0,,,,,,,,,66
2022-10-18T15:33:16,Afternoon Ride,Ride,6882,44038.7,7023,935,21.245,6.399,172,133,83.41897,1174,148,202,1020177,129,6.3991137,71.17794,65.404076,246,3124,1558,861,1164,93,53,0,2792,1451,1061,757,454,183,147,767,66
2022-10-18T12:55:10,Lunch Ride,Ride,623,4011.7,655,15,9.763,6.439,155,115,,98,,,,5,6.439326,71.17794,65.404076,246,493,83,36,3,0,0,0,,,,,,,,,66
2022-10-18T11:47:00,Lunch Ride,Ride,776,4036.9,844,44,9.627,5.202,127,100,,91,,,,4,5.2021904,71.17794,65.404076,246,768,0,0,0,0,0,0,,,,,,,,,66
2022-10-17T20:04:02,Zwift - Double Trouble on Innsbruckring in Watopia,VirtualRide,2430,20122.6,2430,83,12.608,8.281,143,125,77.42869,320,138,151,334886,26,8.280905,60.91641,63.654858,246,1827,600,0,0,0,0,0,1366,532,525,4,0,0,0,23,66
2022-10-17T17:32:56,Afternoon Ride,Ride,740,4001.4,891,14,8.716,5.407,137,101,,82,,,,4,5.407297,60.91641,63.654858,246,720,6,0,0,0,0,0,,,,,,,,,66
2022-10-17T09:11:03,Morning Ride,Ride,805,4052.8,918,35,9.524,5.035,126,99,,99,,,,4,5.0345345,60.91641,63.654858,246,790,0,0,0,0,0,0,,,,,,,,,66
2022-10-16T15:38:51,Afternoon Ride,Ride,5825,50139.8,6243,369,15.362,8.608,171,141,90.41761,1149,172,194,1012032,101,8.607691,65.04983,64.3694,246,958,3534,1043,207,14,15,0,979,1880,2101,514,182,86,29,1180,66
2022-10-15T13:39:48,Afternoon Ride,Ride,5544,43417.5,5688,450,18.78,7.831,161,135,87.494606,976,152,180,848509,83,7.8314395,59.529137,63.486774,246,2093,2289,625,527,0,0,0,1916,1666,1124,539,174,107,8,746,66
2022-10-14T13:46:26,Afternoon Ride,Ride,6575,60238.7,7217,427,16.434,9.162,169,139,90.79804,1221,159,183,1060433,102,9.161779,55.924835,63.016598,246,1614,2884,1449,577,20,8,0,1598,2298,1915,466,164,90,21,922,66
2022-10-14T10:51:22,Morning Ride,Ride,730,4046.8,765,17,9.722,5.543,122,102,,84,,,,4,5.543562,55.924835,63.016598,246,742,0,0,0,0,0,0,,,,,,,,,66
2022-10-14T09:12:53,Morning Ride,Ride,820,4093.1,820,35,8.708,4.992,139,106,,104,,,,5,4.9915853,55.924835,63.016598,246,746,61,0,0,0,0,0,,,,,,,,,66
2022-10-13T14:58:59,Afternoon Ride,Ride,792,3999.5,910,42,8.36,5.05,130,102,,97,,,,5,5.049874,47.467216,61.860428,246,772,0,0,0,0,0,0,,,,,,,,,66
2022-10-12T15:36:59,Afternoon Ride,Ride,4091,29071.6,4222,395,19.054,7.106,157,124,84.58565,655,134,169,555782,54,7.106233,53.988693,63.23049,246,2419,1213,425,26,0,0,0,1827,1050,745,352,98,11,0,448,66
2022-10-12T11:01:00,Lunch Ride,Ride,731,4065.5,731,21,8.162,5.562,138,108,,97,,,,5,5.5615597,53.988693,63.23049,246,690,18,0,0,0,0,0,,,,,,,,,66
2022-10-12T09:11:30,Morning Ride,Ride,822,4000.6,911,37,8.854,4.867,127,97,,83,,,,4,4.86691,53.988693,63.23049,246,813,0,0,0,0,0,0,,,,,,,,,66
2022-10-11T15:56:13,Afternoon Ride,Ride,5536,44116.4,5816,301,17.008,7.969,156,129,86.58088,893,136,156,763369,62,7.9690027,52.604874,63.236046,246,3282,2082,197,12,0,0,0,2429,2147,692,183,59,26,0,301,66
2022-10-11T15:18:44,Afternoon Ride,Ride,738,3971.8,897,13,9.043,5.382,123,99,,79,,,,4,5.381843,52.604874,63.236046,246,731,0,0,0,0,0,0,,,,,,,,,66
2022-10-11T09:10:23,Morning Ride,Ride,770,4009.4,817,37,10.05,5.207,126,99,,86,,,,4,5.2070127,52.604874,63.236046,246,756,0,0,0,0,0,0,,,,,,,,,66
2022-10-10T18:15:32,Evening Hike,Hike,2053,2189.9,2123,5,1.614,1.067,116,101,49.89628,214,,,,10,1.0666828,49.93359,63.073067,,2010,0,0,0,0,0,0,,,,,,,,,66
2022-10-10T17:56:05,Afternoon Ride,Ride,669,3887.7,693,15,8.958,5.811,135,117,,108,,,,6,5.8112106,49.93359,63.073067,247,629,27,0,0,0,0,0,,,,,,,,,66
2022-10-10T09:09:37,Morning Ride,Ride,851,4054.4,1015,37,10.285,4.764,141,106,,137,,,,7,4.764277,49.93359,63.073067,247,754,48,0,0,0,0,0,,,,,,,,,66
2022-10-09T14:39:05,Afternoon Ride,Ride,4621,34596.3,4886,216,15,7.487,151,120,86.769714,646,115,140,533156,42,7.4867563,54.069645,64.038635,247,3631,919,68,0,0,0,0,2940,1143,387,118,30,0,0,189,66
2022-10-08T15:42:51,Afternoon Ride,Ride,7642,48094.8,8173,1102,20.409,6.293,180,141,86.13185,1334,150,203,1156420,145,6.2934833,55.92312,64.569664,247,2876,1063,916,1569,706,316,182,2972,1085,1261,1371,587,297,32,1281,66
2022-10-06T18:17:22,Evening Ride,Ride,698,3968.6,733,14,8.978,5.686,125,106,,87,,,,4,5.6856737,48.731228,64.1408,232,688,0,0,0,0,0,0,,,,,,,,,66
2022-10-06T15:06:45,Afternoon Ride,Ride,751,4031.1,751,38,9.504,5.368,135,110,,105,,,,5,5.3676434,48.731228,64.1408,232,726,7,0,0,0,0,0,,,,,,,,,66
2022-10-05T15:30:50,Afternoon Ride,Ride,6592,55152.7,7289,363,17.706,8.367,169,133,90.193054,1159,149,187,1001650,106,8.366611,54.832554,65.46943,233,2781,3081,446,269,43,1,0,2267,2415,1246,297,108,122,121,556,66
2022-10-05T10:46:22,Morning Ride,Ride,1213,4294.4,1627,17,8.33,3.54,120,96,,152,,,,5,3.5403132,54.832554,65.46943,233,1099,0,0,0,0,0,0,,,,,,,,,66
2022-10-05T09:04:49,Morning Ride,Ride,889,4080.9,921,37,10.343,4.59,146,105,,117,,,,6,4.5904384,54.832554,65.46943,233,770,88,0,0,0,0,0,,,,,,,,,66
2022-10-04T15:27:33,Afternoon Ride,Ride,758,4006,942,12,9.728,5.285,125,99,,93,,,,5,5.2849603,45.28581,64.22779,233,745,0,0,0,0,0,0,,,,,,,,,66
2022-10-04T09:11:51,Morning Ride,Ride,876,4115.1,973,40,8.952,4.698,120,87,,77,,,,3,4.6976027,45.28581,64.22779,233,854,0,0,0,0,0,0,,,,,,,,,66
2022-10-03T18:16:23,Evening Hike,Hike,1785,1676.3,2116,4,1.356,0.939,117,87,47.65543,157,,,,5,0.93910366,51.011604,65.58261,,1654,0,0,0,0,0,0,,,,,,,,,66
2022-10-03T17:57:37,Afternoon Ride,Ride,708,3745.8,747,11,7.754,5.291,121,100,,84,,,,4,5.290678,51.011604,65.58261,233,693,0,0,0,0,0,0,,,,,,,,,66
2022-10-03T09:13:18,Morning Ride,Ride,886,4054.9,947,35,7.392,4.577,134,100,,109,,,,5,4.5766363,51.011604,65.58261,233,852,3,0,0,0,0,0,,,,,,,,,66
2022-10-01T13:32:50,Afternoon Ride,Ride,3648,28008.9,3702,236,17.008,7.678,158,124,87.73052,561,130,168,475700,47,7.6778784,65.4017,68.435684,234,2386,925,250,78,0,0,0,1757,988,503,245,86,25,20,313,66
2022-09-30T19:21:09,Zwift - Pace Partner Ride: Watopia's Waistband in Watopia with Bernie,VirtualRide,1535,12061.5,1558,29,13.338,7.858,128,114,85.37397,157,106,115,164991,9,7.8576546,68.22756,68.95218,234,1532,0,0,0,0,0,0,1461,71,0,0,0,0,0,0,66
2022-09-30T10:51:20,Morning Ride,Ride,760,4119.8,786,16,9.457,5.421,118,87,,62,,,,2,5.4207892,68.22756,68.95218,234,755,0,0,0,0,0,0,,,,,,,,,66
2022-09-30T09:10:25,Morning Ride,Ride,893,4094.5,937,35,9.115,4.585,132,102,,114,,,,5,4.5851064,68.22756,68.95218,234,883,0,0,0,0,0,0,,,,,,,,,66
2022-09-29T17:42:27,Afternoon Ride,Ride,713,4074.9,788,14,9.616,5.715,152,108,,102,,,,5,5.715147,76.24789,70.22807,234,640,51,15,0,0,0,0,,,,,,,,,66
2022-09-29T15:05:47,Afternoon Ride,Ride,837,4128.5,872,39,7.98,4.932,136,108,,126,,,,6,4.932497,76.24789,70.22807,234,766,26,0,0,0,0,0,,,,,,,,,66
2022-09-29T09:41:29,Morning Ride,Ride,7244,41480.6,7635,1004,21.824,5.726,175,138,82.41773,1189,140,189,1018064,120,5.726201,76.24789,70.22807,234,2874,1239,1438,1088,294,297,21,3003,1485,1318,805,438,186,2,930,66
2022-09-28T10:41:00,Morning Ride,Ride,810,4044.6,970,17,9.004,4.993,125,100,,102,,,,4,4.9933333,67.83988,68.763756,234,757,0,0,0,0,0,0,,,,,,,,,66
2022-09-28T09:09:30,Morning Ride,Ride,855,4081.5,1031,42,9.21,4.774,126,106,,129,,,,5,4.773684,67.83988,68.763756,234,848,0,0,0,0,0,0,,,,,,,,,66
2022-09-27T16:22:22,Afternoon Ride,Ride,6471,44550.6,6777,728,21.318,6.885,171,134,84.68998,1095,144,193,941654,111,6.884655,76.875626,70.20378,234,3239,1433,872,495,326,102,0,2710,1369,1009,697,414,248,12,787,66
2022-09-27T09:05:02,Morning Ride,Ride,875,4059.7,875,36,9.644,4.64,123,94,,84,,,,4,4.639657,76.875626,70.20378,234,852,0,0,0,0,0,0,,,,,,,,,66
2022-09-26T17:29:45,Afternoon Ride,Ride,723,3982.8,836,14,9.234,5.509,120,98,,89,,,,4,5.5087137,71.02106,69.124405,234,712,0,0,0,0,0,0,,,,,,,,,66
2022-09-26T09:06:53,Morning Ride,Ride,846,4008.7,2967,39,9.13,4.738,137,102,,117,,,,6,4.738416,71.02106,69.124405,234,811,26,0,0,0,0,0,,,,,,,,,66
2022-09-25T07:17:43,Morning Ride,Ride,11027,69710.3,12024,1510,18.338,6.322,163,135,81.73113,1928,152,179,1676093,163,6.3217826,80.391754,70.54902,234,4039,4152,1731,1092,0,0,0,3530,3360,2773,1156,176,19,0,1753,66
2022-09-23T16:16:18,Afternoon Ride,Ride,5282,39606.9,5375,463,19.266,7.498,169,133,86.44131,863,140,185,738708,83,7.498466,78.103294,69.967606,234,2448,1455,788,510,67,2,0,2396,1313,684,435,198,230,0,512,66
2022-09-23T10:50:21,Morning Ride,Ride,746,4068,768,17,9.182,5.453,120,99,,86,,,,4,5.453083,78.103294,69.967606,234,726,0,0,0,0,0,0,,,,,,,,,66
2022-09-23T09:06:48,Morning Ride,Ride,840,3994.6,1000,39,8.625,4.755,136,94,,100,,,,4,4.7554765,78.103294,69.967606,234,808,25,0,0,0,0,0,,,,,,,,,66
2022-09-22T19:23:18,Zwift - Red Unicorn in Yorkshire,VirtualRide,5410,42578.9,5410,755,22.2,7.87,158,143,83.85733,927,179,189,970515,89,7.870406,76.12281,69.46082,234,889,1876,2389,253,0,0,0,763,1632,2382,436,187,7,0,442,66
2022-09-22T17:58:25,Afternoon Ride,Ride,798,4021.3,916,20,9.002,5.039,124,92,,86,,,,4,5.039223,76.12281,69.46082,234,732,0,0,0,0,0,0,,,,,,,,,66
2022-09-22T15:08:50,Afternoon Ride,Ride,797,4005.2,881,40,9.002,5.025,120,93,,86,,,,4,5.025345,76.12281,69.46082,234,785,0,0,0,0,0,0,,,,,,,,,66
2022-09-21T20:46:05,Zwift - Pedaling Drills in Richmond,VirtualRide,1831,13215.7,1831,71,14.614,7.218,142,117,87.17987,206,118,134,216239,15,7.21775,72.9168,68.79726,234,1591,237,0,0,0,0,0,1387,344,43,47,7,0,0,42,66
2022-09-21T11:18:21,Lunch Ride,Ride,2453,19841.3,2470,126,13.85,8.089,152,125,89.571846,425,149,173,367079,34,8.088586,72.9168,68.79726,234,2027,413,13,0,0,0,0,896,1056,404,51,23,8,15,123,66
2022-09-21T10:48:56,Morning Ride,Ride,854,4090.2,898,25,9.914,4.789,131,109,,124,,,,6,4.789461,72.9168,68.79726,234,813,0,0,0,0,0,0,,,,,,,,,66
2022-09-21T09:07:40,Morning Ride,Ride,811,4074.7,903,37,8.857,5.024,138,107,,122,,,,6,5.024291,72.9168,68.79726,234,746,51,0,0,0,0,0,,,,,,,,,66
2022-09-20T15:53:04,Zwift - Devedeset in Watopia,VirtualRide,3601,29405.5,3601,356,16.834,8.166,170,144,85.812065,593,172,191,619640,61,8.165926,74.7468,68.98513,234,842,752,1016,865,103,19,0,1217,539,1005,802,29,5,0,1618,66
2022-09-20T15:04:48,Afternoon Ride,Ride,849,4019.4,919,20,8.918,4.734,123,94,,87,,,,3,4.7342753,74.7468,68.98513,234,794,0,0,0,0,0,0,,,,,,,,,66
2022-09-20T12:06:44,Lunch Ride,Ride,789,4005.4,828,40,10.351,5.077,144,110,,122,,,,6,5.0765524,74.7468,68.98513,234,680,84,0,0,0,0,0,,,,,,,,,66
2022-09-19T17:58:00,Afternoon Ride,Ride,5049,31084,5149,629,21.368,6.156,176,133,85.07103,811,137,188,695456,82,6.1564665,75.475746,68.96068,234,2408,1409,490,355,213,74,88,2276,989,909,430,219,202,2,574,66
2022-09-19T17:28:00,Afternoon Ride,Ride,1112,4273.7,1460,17,9.182,3.843,119,97,,144,,,,5,3.8432555,75.475746,68.96068,234,1075,0,0,0,0,0,0,,,,,,,,,66
2022-09-19T15:40:11,Afternoon Ride,Ride,839,4039.6,839,39,10.035,4.815,135,105,,110,,,,5,4.8147798,75.475746,68.96068,234,799,23,0,0,0,0,0,,,,,,,,,66
2022-09-19T11:48:59,Lunch Ride,Ride,762,3976.1,863,13,8.833,5.218,113,92,,70,,,,3,5.217979,75.475746,68.96068,234,748,0,0,0,0,0,0,,,,,,,,,66
2022-09-19T09:13:16,Morning Ride,Ride,827,3956.9,1036,41,7.949,4.785,132,99,,93,,,,4,4.784643,75.475746,68.96068,234,815,0,0,0,0,0,0,,,,,,,,,66
2022-09-18T16:21:25,Afternoon Ride,Ride,8100,28203.2,11480,419,16.64,3.482,161,116,,1258,,,,73,3.4818764,71.86324,68.23688,234,6468,974,106,148,0,0,0,,,,,,,,,66
2022-09-18T07:07:04,Morning Ride,Ride,3974,23217.1,5452,474,16.826,5.842,159,126,82.12602,621,131,176,528711,57,5.8422494,71.86324,68.23688,234,2103,1260,371,228,0,0,0,1828,893,627,404,173,37,0,465,66
2022-09-17T17:16:00,Afternoon Ride,Ride,720,4054.3,799,24,9.762,5.631,118,95,,76,,,,3,5.6309724,62.93547,66.74868,234,709,0,0,0,0,0,0,,,,,,,,,66
2022-09-17T14:08:54,Afternoon Ride,Ride,929,4445.1,1046,46,9.026,4.785,131,103,,117,,,,6,4.7848225,62.93547,66.74868,234,912,0,0,0,0,0,0,,,,,,,,,66
2022-09-16T17:00:11,Afternoon Ride,Ride,4765,29580.1,6632,499,16.298,6.208,167,129,85.96378,740,130,181,622792,72,6.207786,71.21807,68.140144,235,2475,854,840,491,85,0,0,2262,949,724,441,255,105,9,496,66
2022-09-16T10:58:45,Morning Ride,Ride,824,4597.6,1309,26,9.854,5.58,126,109,,113,,,,6,5.579612,71.21807,68.140144,235,815,0,0,0,0,0,0,,,,,,,,,66
2022-09-16T09:06:19,Morning Ride,Ride,849,4017.4,897,46,8.803,4.732,135,103,,103,,,,5,4.73192,71.21807,68.140144,235,831,7,0,0,0,0,0,,,,,,,,,66
2022-09-15T19:45:21,Zwift - Foundation in Watopia,VirtualRide,3239,28744.8,3239,163,14.78,8.875,156,143,90.42641,505,163,168,527175,42,8.874591,69.40878,67.78209,235,483,1605,1078,69,0,0,0,746,1846,643,0,0,0,0,15,66
2022-09-15T18:51:43,Evening Hike,Hike,1951,2335.4,2226,6,3.21,1.197,115,92,51.545456,190,,,,8,1.1970271,69.40878,67.78209,,1937,0,0,0,0,0,0,,,,,,,,,66
2022-09-15T17:49:45,Afternoon Ride,Ride,689,3961.3,710,18,9.35,5.749,121,98,,72,,,,3,5.7493467,69.40878,67.78209,235,701,0,0,0,0,0,0,,,,,,,,,66
2022-09-15T15:06:16,Afternoon Ride,Ride,810,4044.8,810,54,9.107,4.994,123,101,,94,,,,4,4.9935803,69.40878,67.78209,235,798,0,0,0,0,0,0,,,,,,,,,66
2022-09-14T15:29:24,Afternoon Ride,Ride,5392,41083.4,5534,429,20.132,7.619,164,131,88.19485,931,148,177,803839,78,7.6193247,71.31434,68.041885,227,2769,1785,389,461,0,0,0,2021,1419,1180,559,146,56,0,819,66
2022-09-14T11:19:12,Zwift - Ramp Test in Watopia,VirtualRide,1698,14505.2,1954,73,15.19,8.543,181,134,87.35087,236,146,201,247405,36,8.5425205,71.31434,68.041885,235,1118,112,71,113,53,83,145,1045,133,109,91,114,203,0,108,66
2022-09-14T10:44:29,Morning Ride,Ride,743,4034,851,21,9.553,5.429,117,94,,74,,,,3,5.4293404,71.31434,68.041885,227,722,0,0,0,0,0,0,,,,,,,,,66
2022-09-14T08:59:21,Morning Ride,Ride,834,4029.5,878,37,9.62,4.831,121,95,,84,,,,4,4.831535,71.31434,68.041885,227,873,0,0,0,0,0,0,,,,,,,,,66
2022-09-13T15:21:45,Afternoon Ride,Ride,783,3962.9,830,10,8.84,5.061,118,92,,70,,,,3,5.061175,63.684357,66.76585,228,772,0,0,0,0,0,0,,,,,,,,,66
2022-09-13T09:00:28,Morning Ride,Ride,863,4057,955,40,9.503,4.701,117,94,,83,,,,4,4.7010427,63.684357,66.76585,228,860,0,0,0,0,0,0,,,,,,,,,66
2022-09-12T18:24:42,Evening Ride,Ride,3418,25718.5,3418,204,15.592,7.524,151,126,85.66561,530,131,155,448858,43,7.5244293,72.38909,68.20592,228,2369,980,69,0,0,0,0,1551,1089,494,149,95,40,0,220,66
2022-09-12T17:41:12,Afternoon Ride,Ride,883,5048.5,974,20,9.065,5.717,124,94,,82,,,,4,5.7174406,72.38909,68.20592,228,882,0,0,0,0,0,0,,,,,,,,,66
2022-09-12T09:06:33,Morning Ride,Ride,831,4047.9,891,42,9.598,4.871,133,95,,85,,,,4,4.871119,72.38909,68.20592,228,847,4,0,0,0,0,0,,,,,,,,,66
2022-09-11T18:29:53,Evening Hike,Hike,2881,3196.4,2945,11,2.573,1.109,93,76,50.520832,157,,,,6,1.1094759,75.673706,68.6205,,2876,0,0,0,0,0,0,,,,,,,,,66
2022-09-11T08:22:26,Zwift - Zwift Academy 2018 Workout #8: Lactate Shuttling in Watopia,VirtualRide,1672,14174.9,1799,120,18.126,8.478,158,135,77.46068,254,159,180,265608,28,8.477811,75.673706,68.6205,228,601,747,254,68,0,0,0,510,653,70,305,73,59,0,214,66
2022-09-09T07:51:20,Birthday Morning Ride,Ride,14488,111112,16573,792,20.008,7.669,162,133,87.240425,2405,141,159,2062755,192,7.6692433,94.67692,71.12822,228,6159,7261,927,80,0,0,0,4600,6493,2150,677,325,162,20,1020,66
2022-09-07T18:10:39,Evening Ride,Ride,5020,33352.4,5081,622,22.26,6.644,167,133,83.60912,845,144,188,725409,93,6.643904,91.975464,69.85946,228,2466,562,1255,702,35,0,0,2133,478,797,1098,374,140,0,980,66
2022-09-07T09:01:23,Morning Ride,Ride,860,4019.3,912,36,8.901,4.674,121,93,,82,,,,4,4.6736045,91.975464,69.85946,228,848,0,0,0,0,0,0,,,,,,,,,66
2022-09-06T17:34:24,Afternoon Ride,Ride,8441,68656,8687,406,15.594,8.134,160,138,87.17751,1455,147,163,1251903,117,8.133634,91.20387,69.2055,228,1963,5215,1015,221,0,0,0,2047,3720,1941,515,159,32,0,809,66
2022-09-06T15:18:42,Afternoon Ride,Ride,777,3948.1,898,15,9.632,5.081,120,96,,76,,,,4,5.08121,91.20387,69.2055,228,775,0,0,0,0,0,0,,,,,,,,,66
2022-09-06T09:03:28,Morning Ride,Ride,954,4171.6,1111,41,9.351,4.373,137,106,,121,,,,6,4.3727465,91.20387,69.2055,228,895,27,0,0,0,0,0,,,,,,,,,66
2022-09-05T18:26:16,Evening Ride,Ride,2590,17852.8,2769,145,17.39,6.893,145,117,82.80764,332,104,127,269149,22,6.8929734,85.70684,67.81293,228,2280,310,0,0,0,0,0,1783,551,170,81,5,0,0,134,66
2022-09-04T19:03:27,Evening Hike,Hike,1884,2180,1935,26,1.646,1.157,94,77,51.76253,105,,,,4,1.1571125,95.48998,68.9168,,1844,0,0,0,0,0,0,,,,,,,,,66
2022-09-04T08:03:03,Morning Ride,Ride,13855,94100.4,14515,1668,20.192,6.792,172,142,85.7016,2373,147,178,2039102,230,6.7918005,95.48998,68.9168,228,3033,5067,2827,2475,349,57,0,4093,4209,2951,1701,616,218,20,1960,66
2022-09-02T18:00:06,Evening Ride,Ride,7163,44293.5,7420,966,20.808,6.184,171,136,82.46744,1224,144,192,1053952,141,6.183652,85.61724,66.50381,228,3045,1356,1430,1148,163,49,0,2803,794,1110,1394,783,239,21,1204,66
2022-09-02T08:59:54,Morning Ride,Ride,817,3989.8,877,42,8.544,4.883,130,107,,107,,,,6,4.8834763,85.61724,66.50381,228,823,0,0,0,0,0,0,,,,,,,,,66
2022-09-01T18:07:01,Evening Ride,Ride,724,4024.1,880,23,9.364,5.558,115,94,,71,,,,3,5.5581493,76.190994,64.56423,228,709,0,0,0,0,0,0,,,,,,,,,66
2022-09-01T14:59:59,Afternoon Ride,Ride,740,4013.4,796,43,10.296,5.423,151,123,,132,,,,8,5.4235134,76.190994,64.56423,228,595,115,39,0,0,0,0,,,,,,,,,66
2022-08-31T18:43:32,Evening Ride,Ride,4557,35052,4851,210,14.944,7.692,142,124,89.61119,727,134,151,615054,55,7.6919026,86.20205,65.85487,228,3261,1285,0,0,0,0,0,1527,1811,1013,115,48,12,0,332,66
2022-08-31T10:51:29,Morning Ride,Ride,706,4000.6,747,17,9.362,5.667,113,100,,75,,,,4,5.6665726,86.20205,65.85487,228,706,0,0,0,0,0,0,,,,,,,,,66
2022-08-31T09:04:02,Morning Ride,Ride,820,4043,820,41,7.494,4.931,131,106,,103,,,,5,4.9304876,86.20205,65.85487,228,810,0,0,0,0,0,0,,,,,,,,,66
2022-08-30T17:15:03,Afternoon Ride,Ride,6230,41441.3,6324,865,22.17,6.652,174,143,85.911125,1093,151,193,942551,124,6.651894,89.61151,65.89957,228,2169,699,773,1975,364,219,21,2119,926,1143,1143,604,278,7,1095,66
2022-08-30T15:47:43,Afternoon Ride,Ride,723,4103.2,738,20,9.228,5.675,120,104,,89,,,,4,5.6752424,89.61151,65.89957,228,708,0,0,0,0,0,0,,,,,,,,,66
2022-08-30T09:00:35,Morning Ride,Ride,802,3906.7,1011,38,11.15,4.871,133,93,,74,,,,4,4.8711967,89.61151,65.89957,228,808,25,0,0,0,0,0,,,,,,,,,66
2022-08-29T19:01:24,Evening Ride,Ride,3574,27034.4,3590,230,16.568,7.564,151,128,84.46379,562,132,155,473696,46,7.564186,83.10212,64.30686,228,1887,1537,156,0,0,0,0,1346,1310,653,174,63,19,0,291,66
2022-08-29T18:24:12,Evening Ride,Ride,1033,5546.6,1071,26,8.026,5.369,115,91,,87,,,,4,5.3694096,83.10212,64.30686,228,1024,0,0,0,0,0,0,,,,,,,,,66
2022-08-29T09:05:55,Morning Ride,Ride,804,4054.2,915,41,9.932,5.043,113,95,,76,,,,4,5.042537,83.10212,64.30686,228,799,0,0,0,0,0,0,,,,,,,,,66
2022-08-28T11:35:23,Lunch Hike,Hike,12252,13130.5,17672,522,1.824,1.072,139,101,52.68097,1501,,,,70,1.0717026,87.57119,64.55521,,11913,0,0,0,0,0,0,,,,,,,,,66
2022-08-27T15:01:25,Afternoon Ride,Ride,7985,57839.5,8236,673,23.35,7.244,166,137,88.746574,1341,144,170,1150996,123,7.2435193,90.26951,64.42401,228,2480,4378,511,533,45,0,0,2181,3255,1572,443,231,250,2,649,66
2022-08-26T14:38:30,Afternoon Ride,Ride,5868,37899.7,6047,801,20.142,6.459,172,137,86.28526,1013,147,198,873788,123,6.4587083,85.24325,63.01261,228,2492,957,726,1145,400,146,0,2238,723,712,1112,715,356,10,867,66
2022-08-26T10:55:12,Morning Ride,Ride,730,3978.8,755,15,8.782,5.45,120,105,,88,,,,5,5.450411,85.24325,63.01261,228,746,0,0,0,0,0,0,,,,,,,,,66
2022-08-26T08:57:53,Morning Ride,Ride,838,4021.4,868,38,9.08,4.799,138,110,,114,,,,6,4.7988067,85.24325,63.01261,228,811,39,0,0,0,0,0,,,,,,,,,66
2022-08-25T18:08:19,Evening Ride,Ride,757,4054.9,804,18,9.646,5.357,117,97,,71,,,,3,5.356539,77.75592,61.302155,228,732,0,0,0,0,0,0,,,,,,,,,66
2022-08-25T14:58:13,Afternoon Ride,Ride,632,3630.7,697,36,10.142,5.745,111,93,,72,,,,3,5.7447786,77.75592,61.302155,228,632,0,0,0,0,0,0,,,,,,,,,66
2022-08-24T16:32:20,Afternoon Ride,Ride,6321,51452.1,7066,298,16.272,8.14,163,132,90.88822,1039,137,157,880346,83,8.139868,88.775116,62.634674,228,2686,3034,456,129,0,0,0,1917,2777,1266,188,52,80,25,339,66
2022-08-24T11:35:16,Lunch Ride,Ride,632,3296.4,632,20,9.153,5.216,119,100,,70,,,,3,5.2158227,88.775116,62.634674,228,624,0,0,0,0,0,0,,,,,,,,,66
2022-08-24T08:56:18,Morning Ride,Ride,844,3985.7,861,37,10.843,4.722,106,89,,65,,,,3,4.7223935,88.775116,62.634674,228,842,0,0,0,0,0,0,,,,,,,,,66
2022-08-23T16:21:18,Afternoon Ride,Ride,4801,36085,5021,429,20.262,7.516,173,138,88.83531,796,141,183,680960,86,7.5161424,88.740585,61.999397,228,1763,2057,104,465,149,240,0,1683,1441,846,322,230,206,50,384,66
2022-08-23T15:29:11,Afternoon Ride,Ride,702,3942.5,741,20,9.284,5.616,115,102,,81,,,,4,5.616097,88.740585,61.999397,228,701,0,0,0,0,0,0,,,,,,,,,66
2022-08-23T08:55:10,Morning Ride,Ride,769,3876.9,851,36,8.25,5.041,134,110,,107,,,,6,5.0414824,88.740585,61.999397,228,750,11,0,0,0,0,0,,,,,,,,,66
2022-08-22T17:29:39,Afternoon Ride,Ride,6701,44100.8,7252,875,21.718,6.581,171,138,88.57228,1161,149,195,996932,136,6.581227,87.62579,61.180145,228,2770,951,987,1514,414,49,0,2426,1157,976,877,818,405,11,837,66
2022-08-22T10:25:25,Morning Ride,Ride,670,3987.8,699,21,9.16,5.952,139,117,,107,,,,6,5.9519405,87.62579,61.180145,228,638,29,0,0,0,0,0,,,,,,,,,66
2022-08-22T08:59:26,Morning Ride,Ride,772,3938.6,932,38,8.637,5.102,126,103,,88,,,,5,5.101814,87.62579,61.180145,228,770,0,0,0,0,0,0,,,,,,,,,66
2022-08-20T07:23:42,Morning Ride,Ride,12403,92525.3,12787,1267,19.694,7.46,169,140,88.544106,2202,152,176,1900133,205,7.459913,90.56407,60.53662,228,3054,6017,2247,896,163,2,0,2931,4524,3237,1019,395,201,72,1661,66
2022-08-19T15:00:40,Afternoon Ride,Ride,2783,19735.1,2848,156,17.178,7.091,148,128,89.203636,385,114,133,319087,26,7.0913043,72.990715,57.055744,228,1579,1172,8,0,0,0,0,1496,930,229,65,15,7,0,109,66
2022-08-18T07:57:53,Morning Ride,Ride,8949,50328.8,10271,1319,18.29,5.624,179,146,82.00917,1491,142,187,1277523,167,5.623958,80.20685,57.80404,228,2433,1313,1021,2243,970,630,308,3172,1562,1587,1446,839,304,8,1407,66
2022-08-17T06:12:30,Morning Ride,Ride,6699,52238.6,7078,385,16.62,7.798,165,139,88.269936,1158,148,171,998534,104,7.7979703,66.878456,55.172935,228,1488,3685,1195,300,1,0,0,1571,2862,1708,262,146,79,27,529,66
2022-08-16T13:51:40,Afternoon Ride,Ride,6040,45129.9,6905,599,19.808,7.472,178,140,87.61363,1051,147,187,903270,112,7.4718375,61.177883,53.996437,228,1949,1878,930,623,218,210,223,1797,1290,1289,831,614,180,5,975,66
2022-08-16T07:02:25,Morning Ride,Ride,1643,10660.2,1740,128,15.16,6.488,151,117,83.3453,224,111,146,185064,19,6.488253,61.177883,53.996437,222,1230,364,36,0,0,0,0,903,342,284,65,30,6,0,150,66
2022-08-15T06:37:13,Morning Ride,Ride,4012,32242.2,4188,231,14.984,8.036,151,134,86.34102,678,143,160,583220,54,8.036441,50.45565,52.141018,222,1086,2823,90,0,0,0,0,959,1728,1113,110,33,35,1,356,66
2022-08-13T15:45:44,Afternoon Ride,Ride,902,5403.5,902,35,9.05,5.991,148,113,,126,,,,8,5.9905763,57.576,53.351498,223,800,97,2,0,0,0,0,,,,,,,,,66
2022-08-13T12:41:19,Lunch Ride,Ride,1032,5586.5,1049,60,8.099,5.413,140,107,,124,,,,7,5.4132752,57.576,53.351498,223,1004,35,0,0,0,0,0,,,,,,,,,66
2022-08-12T06:14:35,Morning Ride,Ride,3919,29571.1,3988,239,16.562,7.546,155,132,87.27107,607,129,149,508066,46,7.5455728,64.11418,54.275585,223,1681,2012,215,8,0,0,0,1380,1663,656,117,51,38,0,248,66
2022-08-11T17:24:16,Afternoon Hike,Hike,7336,13530.6,7766,254,21.552,1.844,134,99,51.06523,651,,,,38,1.844411,66.89589,54.474987,,7139,0,0,0,0,0,0,,,,,,,,,66
2022-08-11T10:37:17,Morning Ride,Ride,679,4590.9,723,41,10.158,6.761,,,,139,,,,,6.761266,66.89589,54.474987,223,,,,,,,,,,,,,,,,66
2022-08-11T08:00:06,Morning Ride,Ride,823,4681.6,924,47,10.33,5.688,,,,146,,,,,5.688457,66.89589,54.474987,223,,,,,,,,,,,,,,,,66
2022-08-10T18:16:45,Evening Ride,Ride,5788,40914.4,5972,432,19.284,7.069,163,134,87.5777,871,126,151,733977,70,7.068832,71.33328,54.871956,223,1943,3143,522,108,0,0,0,1836,2611,934,252,43,40,0,435,66
2022-08-09T18:53:42,Evening Ride,Ride,5469,43536.7,5769,249,17.242,7.961,155,132,89.80062,855,132,146,726710,62,7.9606323,71.538025,54.507442,223,2709,2526,214,6,0,0,0,1812,2999,462,145,16,12,9,196,66
2022-08-09T17:15:52,Afternoon Ride,Ride,1089,5489.1,1089,40,9.358,5.041,136,101,,122,,,,7,5.040496,71.538025,54.507442,223,1053,23,0,0,0,0,0,,,,,,,,,66
2022-08-09T16:13:48,Afternoon Weight Training,WeightTraining,3449,,3449,0,0,0,143,92,,246,,,,14,,71.538025,54.507442,,3436,14,0,0,0,0,0,,,,,,,,,66
2022-08-09T14:07:27,Afternoon Ride,Ride,893,4639.6,975,39,9.802,5.195,137,105,,110,,,,6,5.195521,71.538025,54.507442,223,827,58,0,0,0,0,0,,,,,,,,,66
2022-08-09T11:51:48,Lunch Ride,Ride,814,4391,841,35,8.548,5.394,117,96,,82,,,,4,5.394349,71.538025,54.507442,223,805,0,0,0,0,0,0,,,,,,,,,66
2022-08-09T07:58:10,Morning Ride,Ride,841,4621.4,926,47,9.93,5.495,138,107,,99,,,,5,5.495125,71.538025,54.507442,223,810,13,0,0,0,0,0,,,,,,,,,66
2022-08-08T06:57:58,Morning Ride,Ride,3258,22656.82,3516,185.40027,93.9315,6.9143915,141,108,84.6098,,106,131,352256,30,6.954211,67.474396,53.796814,223,3148,147,0,0,0,0,0,1817,1158,173,83,26,1,0,85,66
2022-08-07T20:11:39,Evening Ride,Ride,927,4937.2,1184,54,9.694,5.326,118,98,,90,,,,5,5.325998,73.22915,54.370205,223,924,0,0,0,0,0,0,,,,,,,,,66
2022-08-07T09:14:48,Morning Ride,Ride,835,4675.4,835,41,9.216,5.599,117,94,,75,,,,4,5.5992813,73.22915,54.370205,223,821,0,0,0,0,0,0,,,,,,,,,66
2022-08-06T06:42:14,Morning Ride,Ride,13456,100583,13805,1299,16.214,7.475,169,143,89.58051,2323,148,173,1995459,214,7.4749556,83.0925,55.46341,223,2492,5788,2343,2404,412,18,0,3183,5056,3042,1274,725,115,11,1441,66
2022-08-05T13:23:51,Afternoon Ride,Ride,910,4755,949,28,9.51,5.225,131,112,,122,,,,7,5.2252746,62.98969,51.643433,223,902,0,0,0,0,0,0,,,,,,,,,66
2022-08-05T08:11:55,Morning Ride,Ride,991,4926.5,1049,53,10.904,4.971,109,85,,76,,,,3,4.971241,62.98969,51.643433,223,962,0,0,0,0,0,0,,,,,,,,,66
2022-08-04T19:25:14,Evening Ride,Ride,3829,28527.6,3932,184,16.112,7.45,162,130,89.65202,548,119,148,456361,44,7.4504046,71.12705,52.64684,223,1982,1590,168,69,0,0,0,1578,1513,495,109,63,28,0,178,66
2022-08-04T16:25:32,Afternoon Ride,Ride,840,4399.3,840,37,8.66,5.237,124,100,,96,,,,5,5.237262,71.12705,52.64684,223,824,0,0,0,0,0,0,,,,,,,,,66
2022-08-04T07:56:28,Morning Ride,Ride,872,4642.6,921,35,9.724,5.324,121,96,,84,,,,4,5.324083,71.12705,52.64684,223,861,0,0,0,0,0,0,,,,,,,,,66
2022-08-03T18:38:09,Evening Ride,Ride,5229,35907.7,5397,639,19.946,6.867,174,142,87.305435,872,143,187,745695,100,6.8670297,73.910736,52.63833,223,1953,887,502,1073,586,206,0,1877,959,765,853,584,169,0,617,66
2022-08-03T06:36:50,Morning Ride,Ride,3633,27629.7,3970,189,16.914,7.605,152,126,86.674416,576,134,153,486467,46,7.605202,73.910736,52.63833,223,1994,1521,93,0,0,0,0,982,1692,727,124,49,17,5,205,66
2022-08-02T16:31:56,Afternoon Ride,Ride,830,4310.1,924,27,10.502,5.193,112,89,,67,,,,3,5.1928916,62.840347,50.388756,223,819,0,0,0,0,0,0,,,,,,,,,66
2022-08-02T07:55:52,Morning Ride,Ride,812,4562.4,838,40,10.188,5.619,139,117,,122,,,,7,5.618719,62.840347,50.388756,223,752,53,0,0,0,0,0,,,,,,,,,66
2022-08-01T15:54:48,Afternoon Ride,Ride,5093,39391.4,5189,353,16.138,7.734,158,141,92.65724,875,146,161,753337,72,7.7344193,70.95477,51.36193,223,982,2723,1280,107,0,0,0,1009,2063,1679,245,60,25,0,612,66
2022-07-31T12:44:15,Lunch Ride,Ride,827,4525.9,842,38,9.49,5.473,142,118,,130,,,,8,5.472672,70.794266,50.86465,223,726,99,0,0,0,0,0,,,,,,,,,66
2022-07-31T06:53:53,Morning Ride,Ride,8899,66913.1,9386,653,15.977,7.519,167,134,89.85348,1468,138,166,1251723,134,7.5191708,70.794266,50.86465,223,2944,5658,248,34,11,0,0,2075,3997,2257,432,80,27,27,794,66
2022-07-29T16:26:48,Afternoon Ride,Ride,5296,43400.4,5384,313,16.234,8.195,152,135,90.09478,914,147,164,785610,78,8.19494,69.05189,49.841408,223,1648,3401,244,0,0,0,0,1225,1678,1894,373,81,21,21,875,66
2022-07-28T16:33:34,Afternoon Ride,Ride,711,3891,711,25,9.476,5.473,119,100,,75,,,,4,5.4725738,67.67777,49.162918,223,706,0,0,0,0,0,0,,,,,,,,,66
2022-07-28T13:57:26,Afternoon Ride,Ride,907,4602.5,949,37,9.627,5.074,112,84,,63,,,,3,5.0744214,67.67777,49.162918,223,885,0,0,0,0,0,0,,,,,,,,,66
2022-07-27T18:39:31,Evening Ride,Ride,5671,33961.6,6216,713,17.868,5.989,180,143,86.85296,955,142,189,816792,111,5.988644,76.99576,50.178844,223,1867,1112,719,1111,352,300,214,1800,1322,879,781,654,196,21,628,66
2022-07-26T19:07:30,Evening Ride,Ride,4126,30388.2,4149,235,13.792,7.365,140,122,89.19163,574,114,133,473727,40,7.365051,71.773895,48.713345,215,3679,460,0,0,0,0,0,1648,1990,416,46,10,7,0,80,66
2022-07-26T16:55:01,Afternoon Ride,Ride,966,4727.8,1039,43,9.368,4.894,149,104,,108,,,,6,4.8942027,71.773895,48.713345,215,923,24,7,0,0,0,0,,,,,,,,,66
2022-07-26T07:13:34,Morning Ride,Ride,969,4639.4,1173,37,9.667,4.788,123,92,,80,,,,4,4.7878222,71.773895,48.713345,215,953,0,0,0,0,0,0,,,,,,,,,66
2022-07-25T17:25:23,Afternoon Ride,Ride,6582,43707.2,7063,813,19.012,6.64,174,145,87.35301,1104,143,189,941128,129,6.6404133,75.1176,48.682343,215,2110,1333,191,1630,757,540,0,2240,1130,961,1380,659,171,20,1178,66
2022-07-25T11:31:43,Lunch Ride,Ride,721,3946.2,779,27,8.912,5.473,118,100,,76,,,,4,5.473232,75.1176,48.682343,215,704,0,0,0,0,0,0,,,,,,,,,66
2022-07-25T09:24:07,Morning Ride,Ride,831,4651,856,38,9.456,5.597,131,97,,79,,,,4,5.5968714,75.1176,48.682343,215,820,0,0,0,0,0,0,,,,,,,,,66
2022-07-24T07:52:45,Morning Ride,Ride,3182,23769.6,3257,95,12.416,7.47,166,126,87.75896,450,116,150,372702,39,7.470019,65.61463,46.55431,215,2426,224,78,450,4,0,0,1834,752,249,214,94,23,16,207,67
2022-07-23T10:30:18,Morning Weight Training,WeightTraining,2416,,2416,0,0,0,117,94,,175,,,,10,,69.701706,46.736332,,2417,0,0,0,0,0,0,,,,,,,,,67
2022-07-22T06:42:13,Morning Ride,Ride,17012,107554,18496,1878,19.023,6.322,169,147,85.14652,2624,129,161,2206445,241,6.322243,78.8698,47.862453,215,2922,4936,4018,4677,406,0,0,5570,5542,3894,1454,386,113,0,2233,67
2022-07-21T19:08:17,Evening Ride,Ride,3143,21488.2,3199,266,20.342,6.837,156,133,86.29811,460,121,153,383283,40,6.8368435,53.972275,43.20876,215,1586,807,715,13,0,0,0,1268,937,582,274,42,18,0,459,67
2022-07-21T17:03:42,Afternoon Ride,Ride,814,3968.7,883,35,8.936,4.876,136,113,,115,,,,6,4.8755527,53.972275,43.20876,215,751,39,0,0,0,0,0,,,,,,,,,67
2022-07-21T07:52:27,Morning Ride,Ride,869,4651.4,869,42,9.52,5.353,125,95,,80,,,,4,5.352589,53.972275,43.20876,215,863,0,0,0,0,0,0,,,,,,,,,67
2022-07-20T07:10:05,Morning Ride,Ride,5068,40379.2,5241,429,17.72,7.967,174,148,88.34933,881,148,183,760175,93,7.967482,54.58228,43.045124,215,910,1525,579,1510,354,206,0,1402,1403,1153,563,327,212,8,779,67
2022-07-19T18:07:38,Evening Ride,Ride,777,4405,845,34,9.168,5.669,128,111,,102,,,,6,5.6692405,48.682663,41.84145,215,770,0,0,0,0,0,0,,,,,,,,,67
2022-07-19T07:54:48,Morning Ride,Ride,931,4822.1,1069,39,16.662,5.179,139,111,,128,,,,7,5.1794844,48.682663,41.84145,215,886,45,0,0,0,0,0,,,,,,,,,67
2022-07-18T07:35:19,Morning Ride,Ride,3139,22899.7,3181,143,11.08,7.295,152,126,88.226944,394,100,117,318620,23,7.2952213,54.16227,42.536392,215,2296,858,23,0,0,0,0,2018,985,65,33,23,4,0,28,67
2022-07-17T08:37:05,Morning Ride,Ride,7080,45976.6,7925,814,18.716,6.494,175,143,84.678116,1169,139,181,995342,127,6.4938703,58.947704,43.007126,215,2524,1697,328,1057,1073,388,10,2381,1485,1303,1131,609,146,4,1174,67
2022-07-16T09:42:42,Morning Hike,Hike,7422,6967.7,10231,372,1.475,0.939,137,96,49.017834,795,,,,38,0.9387901,48.497253,40.9833,,7190,0,0,0,0,0,0,,,,,,,,,67
2022-07-15T13:38:03,Afternoon Ride,Ride,4927,37575.4,5093,401,19.592,7.626,176,148,89.93161,827,142,176,704773,83,7.6264253,50.109264,41.055183,215,786,1696,601,1101,394,264,23,1460,1355,913,736,285,106,10,763,67
2022-07-15T08:16:11,Morning Ride,Ride,1082,7052.1,1230,30,10.082,6.518,143,118,87.336624,129,93,122,102286,9,6.5176525,50.109264,41.055183,215,938,143,0,0,0,0,0,626,370,50,15,17,3,0,14,67
2022-07-15T07:50:27,Morning Ride,Ride,431,2958.9,431,16,9.18,6.865,132,121,85.02413,52,97,109,41913,3,6.865197,50.109264,41.055183,215,423,0,0,0,0,0,0,303,110,3,2,3,2,0,2,67
2022-07-14T07:57:46,Morning Ride,Ride,871,4600.7,871,45,9.618,5.282,131,112,,118,,,,6,5.2820897,43.21562,39.75537,215,868,0,0,0,0,0,0,,,,,,,,,68
2022-07-13T17:56:26,Afternoon Ride,Ride,782,4232.4,932,49,8.98,5.412,143,120,,144,,,,8,5.4122763,48.930634,40.568714,215,562,202,0,0,0,0,0,,,,,,,,,68
2022-07-13T17:24:49,Afternoon Weight Training,WeightTraining,1391,,1391,0,0,0,128,100,,127,,,,7,,48.930634,40.568714,,1392,0,0,0,0,0,0,,,,,,,,,68
2022-07-13T12:01:11,Lunch Ride,Ride,815,4225.7,923,40,9.012,5.185,151,129,,146,,,,10,5.1849084,48.930634,40.568714,215,482,249,56,0,0,0,0,,,,,,,,,68
2022-07-13T07:33:43,Morning Ride,Ride,6821,53996.9,6938,498,18.409,7.916,180,147,89.93497,1172,145,173,998984,111,7.916273,48.930634,40.568714,215,1306,1952,1227,1738,317,138,137,1737,1923,1916,799,253,150,2,1276,68
2022-07-12T08:01:23,Morning Ride,Ride,794,4655.2,810,41,10.894,5.863,135,111,,108,,,,6,5.8629727,35.559826,38.437943,215,789,15,0,0,0,0,0,,,,,,,,,68
2022-07-11T16:21:10,Afternoon Ride,Ride,690,4040.8,743,26,9.147,5.856,129,107,,91,,,,4,5.856232,40.099182,39.219543,216,685,0,0,0,0,0,0,,,,,,,,,68
2022-07-11T13:49:51,Afternoon Ride,Ride,507,2861,856,34,9.552,5.643,121,93,,74,,,,2,5.642998,40.099182,39.219543,216,500,0,0,0,0,0,0,,,,,,,,,68
2022-07-11T08:29:47,Morning Ride,Ride,391,2237.6,391,22,8.34,5.723,149,133,81.34109,41,79,107,30782,2,5.7227626,40.099182,39.219543,216,205,179,6,0,0,0,0,276,87,12,3,0,5,7,3,68
2022-07-11T07:08:26,Morning Ride,Ride,4671,35998.8,4758,408,16.302,7.707,177,151,91.29016,847,157,179,733302,82,7.7068725,40.099182,39.219543,216,941,731,468,1771,507,189,64,921,1281,1455,726,216,72,0,1006,68
2022-07-10T07:26:41,Morning Ride,Ride,3842,30052.2,4133,218,14.852,7.822,174,151,89.41696,624,135,161,525039,55,7.8220196,32.436165,37.995975,216,462,1133,613,876,528,228,0,1196,1118,1043,388,82,13,0,729,68
2022-07-07T16:25:19,Afternoon Ride,Ride,832,4441.8,867,34,8.963,5.339,114,98,,85,,,,4,5.3387017,38.55226,39.41938,217,825,0,0,0,0,0,0,,,,,,,,,68
2022-07-07T07:57:12,Morning Ride,Ride,817,4278.9,891,38,9.982,5.237,120,97,,79,,,,4,5.2373314,38.55226,39.41938,217,805,0,0,0,0,0,0,,,,,,,,,68
2022-07-06T11:03:10,Lunch Weight Training,WeightTraining,3044,,3044,0,0,0,124,94,,227,,,,13,,43.24402,40.176437,,3045,0,0,0,0,0,0,,,,,,,,,68
2022-07-06T10:42:38,Morning Ride,Ride,844,5006.8,844,54,11.298,5.932,120,98,,80,,,,4,5.932227,43.24402,40.176437,217,831,0,0,0,0,0,0,,,,,,,,,68
2022-07-05T16:29:11,Afternoon Ride,Ride,774,4104.7,837,34,10.146,5.303,120,97,,79,,,,4,5.3032303,47.27418,41.04812,217,772,0,0,0,0,0,0,,,,,,,,,68
2022-07-05T07:59:01,Morning Ride,Ride,922,4863.1,1019,43,8.57,5.275,132,100,,96,,,,5,5.274512,47.27418,41.04812,217,924,0,0,0,0,0,0,,,,,,,,,68
2022-07-02T08:14:19,Morning Ride,Ride,10954,80544.2,11774,1005,17.484,7.353,174,144,89.81195,1999,156,182,1726916,198,7.352949,70.72969,43.859947,217,2834,3003,1795,2802,342,131,0,2376,2142,3659,2104,448,166,4,3115,68
2022-06-30T08:56:58,Morning Ride,Ride,4949,36134.5,5057,399,18.47,7.301,170,139,88.09973,878,152,180,756031,88,7.301374,59.045715,41.11323,217,1766,1251,859,994,63,8,0,1338,1223,1209,864,202,105,0,939,68
2022-06-28T18:54:26,Evening Ride,Ride,4571,30643.8,4993,381,20.324,6.704,168,134,86.563156,718,131,167,605747,70,6.70396,62.9839,40.946896,217,2163,1139,527,607,117,0,0,1759,1097,852,629,180,36,0,723,68
2022-06-27T18:34:08,Evening Ride,Ride,3071,19078.4,3199,194,15.89,6.212,146,114,82.74476,384,101,130,311293,28,6.212439,61.90647,40.246853,217,2770,288,0,0,0,0,0,1792,939,206,90,23,8,0,112,68
2022-06-27T13:18:47,Afternoon Ride,Ride,1422,7846.7,1548,47,9.33,5.518,130,112,75.58244,130,66,92,95057,7,5.518073,61.90647,40.246853,217,1414,0,0,0,0,0,0,1274,120,20,0,0,0,0,0,68
2022-06-27T07:57:01,Morning Ride,Ride,855,4176.8,855,38,10.072,4.885,121,93,75.969696,87,79,105,67787,5,4.885146,61.90647,40.246853,217,850,0,0,0,0,0,0,709,87,34,0,0,0,0,0,68
2022-06-25T07:57:09,Morning Ride,Ride,16231,107159,17512,1395,17.222,6.602,173,140,83.90684,2701,142,165,2310492,242,6.6021194,75.29381,41.222702,217,4091,7269,2670,1388,636,172,0,4148,6416,4068,1206,279,46,38,1841,68
2022-06-23T17:20:26,Afternoon Ride,Ride,7853,60305.2,8285,422,15.41,7.679,171,146,88.22617,1388,151,175,1204166,131,7.6792564,57.32476,37.26163,217,1133,2995,1357,2214,97,22,0,1831,2233,2436,1054,161,76,27,1817,68
2022-06-22T08:52:04,Morning Ride,Ride,3532,25939.7,3685,216,15.502,7.344,170,141,85.74929,574,138,168,490762,54,7.344196,46.010822,35.002983,217,1297,794,461,842,130,2,0,1280,785,840,479,100,33,0,670,69
2022-06-21T18:34:42,Evening Ride,Ride,3577,26013.3,3745,209,17.088,7.272,173,140,87.8602,592,142,173,511784,59,7.2723794,44.783962,34.545246,217,1217,945,601,766,30,29,0,1263,842,1001,320,53,67,26,621,69
2022-06-20T18:12:43,Evening Hike,Hike,2173,2473.7,2173,46,1.712,1.138,119,102,52.015778,204,,,,12,1.13838,42.600876,33.956,,2156,0,0,0,0,0,0,,,,,,,,,69
2022-06-19T18:02:38,Evening Ride,Ride,1552,8305.7,1800,46,9.93,5.352,,,75.76003,159,78,100,121984,8,5.351611,47.3001,34.485035,217,,,,,,,,1279,205,44,2,0,0,0,19,69
2022-06-19T11:06:50,Lunch Hike,Hike,3444,3503.1,3653,114,3.2,1.017,147,105,50.705883,380,,,,22,1.0171603,47.3001,34.485035,,3259,127,0,0,0,0,0,,,,,,,,,69
2022-06-18T17:38:42,Afternoon Ride,Ride,3153,21550.5,3201,156,14.38,6.835,165,139,86.68115,500,133,153,422953,40,6.834919,49.956787,34.5931,217,1021,1181,661,290,0,0,0,1100,1301,593,110,34,10,5,230,69
2022-06-17T18:19:52,Evening Ride,Ride,3069,19587.8,3737,276,19.362,6.382,171,146,85.287865,507,139,173,432626,50,6.38247,51.4858,34.462822,217,778,759,447,702,329,37,0,952,666,815,502,90,27,0,719,69
2022-06-17T17:31:08,Afternoon Ride,Ride,2695,20656.1,2785,178,13.946,7.665,166,142,86.727234,463,148,167,399274,41,7.664601,51.4858,34.462822,217,714,817,661,489,6,0,0,778,732,785,290,81,21,0,494,69
2022-06-15T19:24:35,Evening Ride,Ride,4081,28989.8,4102,220,15.122,7.104,169,143,84.18853,613,126,153,514797,52,7.1036024,52.39239,33.89811,217,1018,1157,886,917,91,0,0,1585,1508,628,244,62,26,2,335,69
2022-06-13T18:33:44,Evening Ride,Ride,4703,35901.6,4703,275,15.086,7.634,178,147,86.88044,773,141,179,665241,83,7.633766,60.507538,34.268215,217,1025,1094,770,1285,381,124,24,1654,1232,1114,506,50,56,91,764,69
2022-06-12T19:30:45,Evening Hike,Hike,3111,3547.7,3322,144,1.632,1.14,154,105,52.434666,352,,,,19,1.1403729,57.053482,33.094013,,2902,72,20,0,0,0,0,,,,,,,,,69
2022-06-12T08:00:59,Mental recovery ride,Ride,7234,46638,8175,457,16.372,6.447,175,141,82.16139,1042,118,150,863740,89,6.4470553,57.053482,33.094013,217,2281,2475,1218,1021,82,135,4,3355,2298,957,401,140,56,9,525,69
2022-06-11T19:04:46,Evening Ride,Ride,5220,31029.4,5576,233,14.09,5.944,,,78.72,614,92,122,486873,43,5.9443297,49.22988,31.289135,217,,,,,,,,3499,1319,321,48,10,7,0,106,69
2022-06-09T09:31:50,Morning Ride,Ride,5187,35834.6,5459,404,16.41,6.909,171,135,82.08926,930,154,186,804852,98,6.9085407,57.893475,31.75408,217,2172,1613,759,525,75,43,0,1655,1036,976,912,405,198,5,844,69
2022-06-07T10:13:31,Morning Ride,Ride,4915,33695.5,5302,289,13.478,6.856,162,137,83.60601,892,155,176,774444,87,6.855646,59.679127,30.884531,217,1335,2903,571,95,0,0,0,703,2042,1638,358,86,33,44,774,69
2022-06-07T08:59:30,Morning Ride,Ride,3339,25602.4,3496,141,14.286,7.668,157,132,83.5697,591,151,173,514709,57,7.667685,59.679127,30.884531,217,1552,1362,397,28,0,0,0,863,837,940,531,120,48,0,737,69
2022-06-06T16:21:02,Afternoon Ride,Ride,1397,7866.8,1596,41,9.168,5.631,122,103,,147,,,,8,5.6312094,46.730392,28.158987,217,1395,0,0,0,0,0,0,,,,,,,,,69
2022-06-05T17:00:44,Afternoon Ride,Ride,5569,36504.2,5948,411,19.55,6.555,162,128,83.40305,903,138,163,771108,85,6.554893,52.678024,28.644722,217,3358,1755,337,109,0,0,0,1706,2259,1060,352,136,20,26,564,69
2022-06-04T18:15:07,Evening Ride,Ride,5946,43395.8,6527,341,13.712,7.298,172,138,83.83229,1106,160,183,967194,114,7.2983184,47.7145,27.286829,217,1835,2490,1097,400,90,30,0,1297,986,1827,1353,332,130,1,1921,69
2022-06-01T16:57:01,Afternoon Ride,Ride,5470,40505.6,6061,256,13.834,7.405,158,133,83.32799,1003,157,182,873984,103,7.405046,49.94877,26.42636,217,2265,2842,281,50,0,0,0,1044,1764,1503,729,135,197,66,1129,69
2022-05-28T17:45:58,Afternoon Ride,Ride,1305,7794.2,1489,37,10.916,5.973,145,115,75.828545,133,72,118,98251,10,5.972567,64.16864,26.401335,217,1175,112,0,0,0,0,0,1029,157,31,42,18,10,0,33,69
2022-05-28T17:04:43,Afternoon Ride,Ride,1664,9692.8,1727,90,11.568,5.825,154,137,81.76545,271,139,153,230687,22,5.825,64.16864,26.401335,217,671,696,283,0,0,0,0,552,448,516,116,16,2,0,274,69
2022-05-28T15:58:08,Afternoon Ride,Ride,3313,22856,3464,177,15.082,6.899,164,131,82.50932,505,130,189,430702,67,6.8988833,64.16864,26.401335,217,2054,703,341,188,0,0,0,1607,809,360,203,103,67,137,237,69
2022-05-27T13:59:23,Afternoon Activity,Workout,5812,288.7,5812,0,1.138,0.05,152,119,55.601627,746,,,,48,0.04967309,58.819763,24.652054,,4740,281,116,0,0,0,0,,,,,,,,,69
2022-05-27T13:10:48,Afternoon Activity,WeightTraining,865,,865,0,0,0,129,97,,80,,,,4,,58.819763,24.652054,,866,0,0,0,0,0,0,,,,,,,,,69
2022-05-26T17:42:25,Afternoon Ride,Ride,5002,32576.4,5544,293,16.43,6.513,174,125,80.54641,707,114,177,588976,90,6.512675,59.86704,25.246052,217,3670,1059,100,165,74,34,0,2500,1557,513,149,135,81,43,213,69
2022-05-25T16:05:35,Afternoon Ride,Ride,12526,69888.5,13449,1388,19.276,5.579,175,137,78.467545,2017,136,169,1718589,205,5.579475,55.23967,23.685791,217,4359,2875,3018,1823,224,199,5,3817,3196,3516,1409,334,205,3,2426,69
2022-05-24T22:45:35,Night Activity,WeightTraining,843,,843,0,0,0,87,70,,29,,,,1,,32.241726,19.316982,,844,0,0,0,0,0,0,,,,,,,,,69
2022-05-23T16:58:39,Afternoon Ride,Ride,3580,23983.4,4170,192,12.684,6.699,151,129,81.105896,621,147,169,531281,58,6.699274,37.03936,19.782429,210,1867,1632,43,0,0,0,0,896,846,1003,590,162,45,0,778,69
2022-05-22T17:40:33,Afternoon Ride,Ride,5028,35257,5386,319,13.584,7.012,165,136,83.774155,905,154,183,785130,96,7.012132,33.820538,18.861567,210,1976,1548,785,709,0,0,0,1292,1110,1098,920,441,126,15,960,69
2022-05-21T17:44:30,Afternoon Activity,WeightTraining,1929,,1929,0,0,0,111,88,,117,,,,6,,24.271948,17.002897,,1930,0,0,0,0,0,0,,,,,,,,,69
2022-05-21T16:52:38,Afternoon Ride,Ride,1801,,1801,0,0,0,129,108,,226,,,,13,,24.271948,17.002897,210,1802,0,0,0,0,0,0,,,,,,,,,69
2022-05-19T20:32:19,Evening Activity,WeightTraining,732,,732,0,0,0,127,87,,37,,,,2,,28.933178,17.51136,,733,0,0,0,0,0,0,,,,,,,,,69
2022-05-15T15:49:35,Afternoon Activity,Workout,1622,70.8,1622,0,0.924,0.044,174,141,52,319,,,,22,0.04364982,50.763264,19.261108,,705,217,208,162,7,30,0,,,,,,,,,69
2022-05-15T14:34:58,Afternoon Activity,Workout,1505,63,1505,0,0.885,0.042,165,131,60.05263,269,,,,16,0.041860465,50.763264,19.261108,,661,87,185,234,0,0,0,,,,,,,,,69
2022-05-15T13:47:34,Afternoon Activity,Workout,691,416.9,1718,0,0.958,0.603,168,138,61.525,331,,,,25,0.6033285,50.763264,19.261108,,874,314,232,168,52,0,0,,,,,,,,,69
2022-05-15T11:55:51,Lunch Activity,Workout,749,484,2839,1,2.116,0.646,166,128,55.25714,419,,,,31,0.64619493,50.763264,19.261108,,2238,387,50,24,13,0,0,,,,,,,,,69
2022-05-15T10:44:13,Morning Activity,Workout,507,384.8,1616,11,1.437,0.759,162,143,55.166668,344,,,,27,0.7589743,50.763264,19.261108,,531,510,395,132,0,0,0,,,,,,,,,69
2022-05-12T18:21:03,Evening Hike,Hike,3609,3449.8,4285,217,3.282,0.956,129,93,53.555702,335,,,,16,0.9558881,53.19836,20.68723,,4033,0,0,0,0,0,0,,,,,,,,,69
2022-05-11T19:50:34,Evening Ride,Ride,1284,9843.4,1388,53,20.326,7.666,165,135,81.62159,154,92,146,122803,16,7.6661997,58.910725,20.800169,211,569,469,157,80,0,0,0,688,313,131,83,25,35,0,107,69
2022-05-11T19:03:48,Evening Ride,Ride,1015,4624,1065,51,10.032,4.556,136,123,72.83375,86,61,77,62058,3,4.555665,58.910725,20.800169,211,990,22,0,0,0,0,0,928,84,0,0,0,0,0,0,69
2022-05-11T16:25:45,Afternoon Ride,Ride,7989,51936.4,8859,597,14.214,6.501,172,142,82.22468,1333,143,179,1147339,146,6.5009885,58.910725,20.800169,211,2306,2414,872,1725,579,65,0,2513,2262,1573,863,422,193,122,1086,69
2022-05-10T18:15:31,Evening Hike,Hike,3488,3250.6,4170,204,1.985,0.932,140,97,56.995564,343,,,,17,0.9319381,42.619125,17.32564,,3724,0,0,0,0,0,0,,,,,,,,,69
2022-05-09T17:30:42,Afternoon Ride,Ride,5830,34221.7,6432,305,16.394,5.87,147,115,81.33589,751,105,129,614699,55,5.869931,46.553326,17.333487,211,5546,268,0,0,0,0,0,3183,2086,334,147,32,18,0,204,69
2022-05-08T16:25:35,Afternoon Ride,Ride,4358,29764.9,4498,388,18.776,6.83,169,141,81.85837,777,154,183,675236,84,6.829945,45.25621,16.425903,211,1303,1213,1172,585,99,0,0,1036,1228,965,559,343,211,4,732,69
2022-05-07T18:09:23,Evening Ride,Ride,2995,14221.5,3011,194,14.928,4.748,138,113,71.570915,323,84,118,253939,24,4.748414,39.30652,14.79769,190,2915,89,0,0,0,0,0,2006,731,185,55,9,3,0,46,69
2022-05-05T11:13:26,Lunch Ride,Ride,9679,71141.5,10641,510,16.836,7.35,170,139,87.446175,1668,147,171,1438637,162,7.3500876,48.05413,14.92717,190,3194,3374,1265,1731,57,4,0,2240,3243,2166,1468,380,77,51,1683,69
2022-05-03T17:32:49,Afternoon Activity,WeightTraining,980,,980,0,0,0,123,103,,88,,,,5,,35.24837,11.6577015,,981,0,0,0,0,0,0,,,,,,,,,69
2022-05-03T16:16:49,Afternoon Ride,Ride,3362,,3362,0,0,0,166,135,,592,,,,49,,35.24837,11.6577015,190,1234,1280,531,317,1,0,0,,,,,,,,,69
2022-05-02T17:29:58,Afternoon Run,Run,1797,5021.3,1797,0,3.076,2.794,162,146,80.31273,374,,,,33,2.7942681,32.36878,10.75793,,234,572,941,51,0,0,0,,,,,,,,,69
2022-04-30T15:28:36,Afternoon Activity,Workout,2321,,2321,0,0,0,175,134,,400,,,,33,,37.227673,10.468304,,1240,384,460,142,60,34,2,,,,,,,,,69
2022-04-30T15:19:43,Afternoon Run,Run,376,1077.7,376,0,3.071,2.866,145,121,79.91304,61,,,,4,2.8662233,37.227673,10.468304,,346,31,0,0,0,0,0,,,,,,,,,69
2022-04-28T16:49:23,Afternoon Ride,Ride,4727,25484.2,5029,274,15.272,5.391,156,123,77.39249,582,98,132,465228,47,5.391199,42.98487,10.880151,190,3571,1000,100,1,0,0,0,2610,1316,535,115,54,34,8,233,69
2022-04-27T12:38:16,Lunch Ride,Ride,10455,68402.5,12244,661,17.02,6.543,168,137,84.697624,1723,132,166,1464832,165,6.5425634,42.368286,10.009834,190,3356,4105,1281,1499,187,0,0,2957,2985,2616,1446,299,101,24,1997,69
2022-04-26T22:01:34,Night Run,Run,772,2012.4,772,0,3.03,2.607,152,144,80.38835,155,,,,13,2.6067357,23.536346,6.27531,,108,414,251,0,0,0,0,,,,,,,,,69
2022-04-26T21:11:31,Night Activity,Workout,2979,,2979,0,0,0,165,129,,455,,,,35,,23.536346,6.27531,,2423,277,173,107,0,0,0,,,,,,,,,69
2022-04-22T14:58:34,Afternoon Ride,Ride,5048,31626.8,5272,247,12.448,6.265,165,143,84.18806,782,130,148,662602,63,6.265214,30.362911,6.5659127,190,1016,2090,1469,461,0,0,0,1724,1921,993,329,58,6,5,587,69
2022-04-22T14:39:12,Afternoon Ride,Ride,686,4965,957,10,10.138,7.238,140,116,80.71175,83,86,112,64356,5,7.2376094,30.362911,6.5659127,190,644,40,0,0,0,0,0,383,239,55,7,0,0,0,28,69
2022-04-21T23:22:40,Night Ride,Ride,1144,6486.4,1202,47,9.246,5.67,,,74.97979,166,119,131,135612,11,5.66993,24.583172,5.0856442,190,,,,,,,,452,543,112,22,2,3,0,35,69
2022-04-21T19:24:48,Evening Ride,Ride,742,4901.1,872,11,9.806,6.605,,,74.92965,102,111,136,82730,8,6.605256,24.583172,5.0856442,190,,,,,,,,322,253,90,50,13,0,0,60,69
2022-04-20T16:48:25,Afternoon Ride,Ride,6879,37484.1,7223,746,13.622,5.449,173,147,76.23832,1053,128,175,888730,121,5.449063,25.440552,4.750375,190,2126,665,569,2382,1028,106,0,2530,1351,1551,988,302,72,82,1218,69
2022-04-16T20:14:36,Evening Ride,Ride,1241,6530.2,1331,122,12.37,5.262,,,73.92622,196,131,174,166216,21,5.262047,16.526434,2.0936427,190,,,,,,,,458,207,162,291,86,26,0,250,69
2022-04-15T22:02:46,Night Activity,Workout,4563,,4563,0,0,0,160,126,,566,,,,52,,15.839452,1.6380895,,3305,860,349,50,0,0,0,,,,,,,,,69
2022-04-10T20:28:16,Evening Activity,Workout,6640,,6640,0,0,0,151,108,,613,,,,45,,18.215206,1.8451828,,6543,72,26,0,0,0,0,,,,,,,,,69
2022-04-08T21:41:28,Night Activity,Workout,5548,,5548,0,0,0,148,120,,662,,,,51,,16.267572,1.9351742,,5417,132,0,0,0,0,0,,,,,,,,,69
2022-04-08T17:00:44,Afternoon Ride,Ride,546,5637.5,574,9,17.686,10.325,143,123,75.44693,38,46,113,26185,4,10.325091,16.267572,1.9351742,,415,131,0,0,0,0,0,437,23,32,26,17,11,0,32,69
2022-04-08T16:25:56,Afternoon Ride,Ride,1683,5464.4,1683,307,11.242,3.247,172,150,67.785805,343,181,202,304465,39,3.2468212,16.267572,1.9351742,,342,221,252,429,327,112,0,222,385,403,386,175,91,21,387,69
2022-04-06T20:35:09,Evening Ride,Ride,1867,,1867,0,0,0,166,131,,306,,,,24,,4.995619,0.96849465,,955,619,156,137,1,0,0,,,,,,,,,69
2022-04-04T20:56:46,Evening Run,Run,1216,3366.8,1216,0,3.09,2.769,150,137,76.97354,241,,,,18,2.76875,2.3961978,0.42350963,,561,634,22,0,0,0,0,,,,,,,,,69
2022-04-03T20:42:38,Evening Run,Run,1421,3185.9,1421,0,3.022,2.242,146,121,72.16432,215,,,,14,2.2420125,,,,1320,102,0,0,0,0,0,,,,,,,,,69
